AABTX,Hybrid
AACTX,Hybrid
AADTX,Hybrid
AAETX,Hybrid
AAFTX,Hybrid
AAGPX,LargeVal
AAGTX,Hybrid
AAHTX,Hybrid
AAIPX,International
AALGX,LargeBlnd
AALTX,Hybrid
ABALX,Hybrid
ABASX,MidVal
ABXAX,International
ACAAX,LargeGro
ACEIX,Hybrid
ACGIX,LargeVal
ACMVX,MidVal
ACSTX,LargeVal
AEPGX,International
AGTHX,LargeGro
AIIEX,International
AIVSX,LargeBlnd
AMAGX,LargeGro
AMCPX,LargeGro
AMECX,Hybrid
AMRMX,LargeVal
ANCFX,LargeBlnd
ANEFX,LargeGro
ANWPX,International
APGAX,LargeGro
AQEAX,LargeBlnd
ARBVX,Hybrid
ARCVX,Hybrid
ARGFX,MidBlnd
ARTGX,International
ARTIX,International
ARTKX,International
ARTMX,MidGro
ARTOX,Hybrid
ARTQX,MidVal
ARWIX,Hybrid
ARYIX,Hybrid
ASMMX,LargeGro
ASVIX,SmallVal
AVPAX,SmallVal
AWSHX,LargeVal
BABDX,International
BAEIX,LargeVal
BARAX,MidGro
BBTEX,LargeBlnd
BEQGX,LargeBlnd
BERIX,Hybrid
BGRFX,MidGro
BIAGX,LargeGro
BLPAX,Hybrid
BPTRX,MidGro
BSCFX,SmallGro
BUFSX,SmallGro
BWLIX,LargeVal
CAAPX,MidBlnd
CABDX,LargeVal
CAIBX,International
CAPAX,Hybrid
CBLAX,Hybrid
CBSAX,MidGro
CDEIX,LargeVal
CHCLX,MidGro
CHDEX,LargeVal
CHTRX,LargeBlnd
CHTTX,MidBlnd
CIVVX,International
CMNWX,LargeBlnd
CMUAX,MidVal
CNSAX,Hybrid
CSIEX,LargeGro
CSLGX,LargeGro
CVGRX,LargeGro
CVTRX,Hybrid
CWGIX,International
DDVAX,LargeVal
DEMAX,International
DEVLX,SmallVal
DGAGX,LargeBlnd
DGLAX,International
DHLAX,LargeVal
DIFAX,Hybrid
DISAX,International
DISSX,SmallBlnd
DMCVX,MidBlnd
DODBX,Hybrid
DODFX,International
DODGX,LargeVal
DODWX,International
DSPIX,LargeBlnd
DUGAX,LargeGro
DWOAX,LargeGro
EAAFX,International
EAASX,MidGro
EGFFX,LargeGro
EHSTX,LargeVal
ELGAX,LargeGro
EMGAX,International
EPGAX,LargeGro
ETGLX,MidGro
FAASX,Hybrid
FABLX,Hybrid
FACVX,Hybrid
FAFEX,Hybrid
FAFFX,Hybrid
FAGAX,LargeGro
FAIDX,International
FASDX,Hybrid
FASGX,Hybrid
FASIX,Hybrid
FASMX,Hybrid
FATHX,Hybrid
FATWX,Hybrid
FBALX,Hybrid
FBGRX,LargeGro
FBLAX,Hybrid
FCNTX,LargeGro
FCPVX,SmallVal
FCVAX,SmallVal
FCVSX,Hybrid
FDAFX,Hybrid
FDCAX,LargeGro
FDEGX,MidGro
FDFFX,LargeGro
FDGFX,LargeBlnd
FDGRX,LargeGro
FDIVX,International
FDSAX,LargeVal
FDSSX,LargeGro
FDTOX,LargeBlnd
FDTTX,LargeGro
FDVAX,International
FDVLX,MidVal
FEFAX,MidBlnd
FEIAX,LargeVal
FEMKX,International
FEQIX,LargeVal
FEQTX,LargeVal
FEVAX,LargeBlnd
FEXPX,LargeGro
FFALX,Hybrid
FFAMX,Hybrid
FFFAX,Hybrid
FFFCX,Hybrid
FFFDX,Hybrid
FFFEX,Hybrid
FFFFX,Hybrid
FFFGX,Hybrid
FFFHX,Hybrid
FFIDX,LargeGro
FFNOX,Hybrid
FFTHX,Hybrid
FFTWX,Hybrid
FFVFX,Hybrid
FGFAX,International
FGINX,LargeBlnd
FGRIX,LargeBlnd
FGRTX,LargeBlnd
FGTAX,LargeBlnd
FHKAX,International
FHKCX,International
FIGRX,International
FIIAX,MidGro
FINAX,International
FISCX,Hybrid
FISEX,LargeVal
FKDNX,LargeGro
FKGRX,LargeGro
FKINX,Hybrid
FLCSX,LargeBlnd
FLPSX,MidVal
FLSAX,MidVal
FLVCX,MidVal
FMAGX,LargeGro
FMCDX,MidGro
FMCSX,MidGro
FMIHX,LargeBlnd
FMIJX,International
FMILX,LargeGro
FMPAX,MidVal
FMTIX,Hybrid
FNCMX,LargeGro
FNIAX,LargeGro
FOCPX,LargeGro
FOSFX,International
FPACX,Hybrid
FPURX,Hybrid
FRDPX,LargeBlnd
FRSGX,MidGro
FRVLX,SmallVal
FSCDX,SmallBlnd
FSCRX,SmallBlnd
FSDIX,Hybrid
FSGRX,SmallGro
FSLCX,SmallBlnd
FSMVX,MidVal
FSSMX,MidGro
FTAWX,Hybrid
FTCIX,Hybrid
GABAX,LargeBlnd
GABEX,LargeBlnd
GABSX,SmallBlnd
GAIOX,Hybrid
GBLAX,International
GCMAX,MidVal
GGOAX,MidGro
GIIAX,International
GLRBX,Hybrid
GRMAX,LargeBlnd
GSBFX,Hybrid
GSMAX,MidGro
GSRAX,LargeGro
GSSMX,SmallBlnd
GTAGX,MidBlnd
GTDDX,International
GTSAX,SmallGro
GWPAX,International
HBLAX,Hybrid
HCAIX,LargeGro
HCKAX,Hybrid
HDPSX,SmallBlnd
HEMZX,International
HFCSX,MidGro
HFEAX,International
HFMCX,MidGro
HFOAX,International
HFQAX,International
HGOAX,LargeGro
HIINX,International
HLEMX,International
HLMNX,International
HQIAX,LargeVal
HRSCX,SmallGro
HRVIX,SmallVal
HSCSX,SmallBlnd
HWMAX,MidVal
IBNAX,Hybrid
ICELX,International
IGAAX,International
IHGIX,LargeVal
IMLAX,Hybrid
IMOAX,Hybrid
INDZX,LargeVal
INPAX,Hybrid
INUTX,LargeVal
ISFAX,Hybrid
ITHAX,LargeBlnd
IVIAX,International
IVIOX,International
IVWAX,International
JABAX,Hybrid
JAENX,MidGro
JAGIX,LargeBlnd
JALAX,Hybrid
JALBX,Hybrid
JALGX,Hybrid
JALRX,Hybrid
JAMCX,MidVal
JAMRX,LargeGro
JAOSX,International
JATTX,SmallGro
JAVTX,SmallGro
JAWWX,International
JCMAX,MidGro
JDEAX,LargeBlnd
JENSX,LargeGro
JEVAX,International
JFAMX,International
JFEAX,International
JFTAX,International
JGYAX,International
JIAAX,LargeBlnd
JIOAX,International
JIVAX,LargeVal
JLCAX,LargeBlnd
JMCVX,MidVal
JNBAX,Hybrid
JNSAX,Hybrid
JORNX,International
JSAAX,Hybrid
JSCVX,SmallVal
JSEAX,International
JSFAX,Hybrid
JSGAX,LargeGro
JSMAX,Hybrid
JSRAX,Hybrid
JSVAX,LargeBlnd
JTSAX,Hybrid
JTTAX,Hybrid
JUEAX,LargeBlnd
JVAAX,LargeVal
JVIAX,International
JVMAX,MidVal
KAUAX,MidGro
KLCAX,LargeGro
LABFX,Hybrid
LACAX,MidGro
LAFFX,LargeVal
LAGWX,SmallGro
LAIAX,International
LAMAX,LargeBlnd
LAVLX,MidBlnd
LCCAX,LargeBlnd
LCEAX,LargeVal
LDFVX,LargeBlnd
LEGAX,LargeGro
LGILX,LargeGro
LGOAX,MidVal
LIDAX,International
LISOX,International
LLPFX,LargeBlnd
LLSCX,MidBlnd
LSVRX,LargeVal
LVOAX,MidBlnd
LZOEX,International
MACFX,Hybrid
MACSX,International
MAGWX,Hybrid
MAMAX,Hybrid
MAPIX,International
MAPTX,International
MCGFX,LargeGro
MDBAX,LargeVal
MDDVX,LargeVal
MDFGX,LargeGro
MDIDX,International
MDIIX,International
MDLOX,International
MDLRX,LargeBlnd
MEIAX,LargeVal
MERDX,SmallGro
MFEGX,LargeGro
MFRFX,LargeBlnd
MGIAX,International
MGOAX,MidGro
MGRAX,International
MIDAX,International
MIGFX,LargeGro
MIQBX,International
MITTX,LargeBlnd
MLINX,LargeGro
MPGFX,LargeBlnd
MRSAX,International
MSAVX,MidVal
MSEGX,LargeGro
MSFRX,Hybrid
MSIGX,LargeBlnd
MSMIX,LargeBlnd
MSSMX,SmallGro
MVCAX,MidVal
MWEFX,International
MYSPX,LargeBlnd
NADMX,Hybrid
NAESX,SmallBlnd
NBGNX,MidGro
NBHAX,LargeVal
NBIAX,Hybrid
NBSRX,LargeGro
NDMAX,Hybrid
NEIAX,LargeBlnd
NEWFX,International
NICSX,MidGro
NLHAX,Hybrid
NLWAX,Hybrid
NMIEX,International
NMSAX,SmallBlnd
NOEMX,International
NOINX,International
NOSGX,SmallVal
NOSIX,LargeBlnd
NSBAX,LargeBlnd
NTIAX,MidBlnd
NYVTX,LargeBlnd
OAAAX,International
OAEIX,LargeVal
OAKBX,Hybrid
OAKEX,International
OAKGX,International
OAKIX,International
OAKLX,LargeBlnd
OAKMX,LargeBlnd
OAKWX,International
OARDX,LargeBlnd
ODMAX,International
OGEAX,LargeBlnd
OGIAX,Hybrid
OICAX,Hybrid
OIDAX,International
OIEIX,LargeVal
OIGAX,International
OLGAX,LargeGro
ONGAX,Hybrid
ONGIX,Hybrid
OPGIX,International
OPMSX,MidBlnd
OPOCX,SmallGro
OPPAX,International
OPPEX,Hybrid
OPTFX,LargeGro
ORIGX,SmallGro
OSGIX,MidGro
OSMAX,International
OTCAX,MidGro
OTCFX,SmallGro
OWLSX,International
OWSMX,International
PABAX,Hybrid
PAEAX,Hybrid
PARMX,MidBlnd
PAXWX,Hybrid
PCACX,LargeVal
PEEAX,MidGro
PEMGX,MidGro
PEOPX,LargeBlnd
PESPX,MidBlnd
PEYAX,LargeVal
PGBAX,Hybrid
PGOAX,SmallGro
PIGFX,LargeGro
PINVX,LargeBlnd
PIODX,LargeBlnd
PIXDX,LargeBlnd
PJFAX,LargeGro
PLSAX,LargeBlnd
PLVJX,LargeVal
PMDAX,SmallVal
PNOPX,LargeGro
POAGX,MidGro
POGRX,LargeGro
POSKX,LargeBlnd
PPEAX,Hybrid
PQIAX,LargeVal
PRASX,International
PRBLX,LargeBlnd
PRDAX,Hybrid
PRDGX,LargeBlnd
PRDSX,SmallGro
PREIX,LargeBlnd
PRFDX,LargeVal
PRGFX,LargeGro
PRGWX,LargeGro
PRIDX,International
PRITX,International
PRMSX,International
PRNHX,SmallGro
PRPFX,Hybrid
PRSGX,LargeGro
PRSVX,SmallBlnd
PRWAX,LargeGro
PRWCX,Hybrid
PRWLX,International
PSOAX,SmallVal
PTBAX,Hybrid
PTCAX,Hybrid
PTWAX,LargeGro
PVSAX,LargeBlnd
RPBAX,Hybrid
RPFFX,MidGro
RPMGX,MidGro
RSEFX,SmallBlnd
RSEGX,SmallGro
RYOFX,SmallVal
RYPFX,SmallGro
RYTFX,SmallBlnd
SABPX,Hybrid
SACAX,LargeBlnd
SAGPX,Hybrid
SAMVX,MidVal
SASMX,SmallGro
SAUPX,Hybrid
SBLGX,LargeGro
SENCX,LargeBlnd
SEQUX,LargeGro
SFLNX,LargeVal
SGENX,International
SGOVX,International
SHAPX,LargeBlnd
SHFVX,LargeBlnd
SHRAX,LargeGro
SLASX,LargeBlnd
SMCWX,International
SMTAX,Hybrid
SNIVX,International
SNXFX,LargeBlnd
SOPAX,LargeVal
SPECX,LargeGro
SPQAX,LargeBlnd
SRJAX,Hybrid
SSHFX,LargeVal
SUIAX,International
SUWAX,LargeBlnd
SVAAX,LargeVal
SVIIX,LargeVal
SWANX,LargeBlnd
SWDSX,LargeVal
SWISX,International
SWOIX,International
SWPPX,LargeBlnd
SWSSX,SmallBlnd
SWTSX,LargeBlnd
TAGRX,LargeBlnd
TBGVX,International
TCLCX,LargeVal
TCMGX,MidGro
TCMVX,MidVal
TCSEX,SmallBlnd
TEBIX,LargeBlnd
TEDIX,International
TEMFX,International
TEMIX,International
TEMWX,International
TEPLX,International
TEQIX,International
TESIX,LargeVal
TGVAX,International
THDAX,International
THMAX,Hybrid
THOAX,International
TIBAX,International
TICRX,LargeBlnd
TIERX,International
TIIRX,LargeGro
TINCX,International
TINRX,LargeBlnd
TIRTX,LargeGro
TOLLX,International
TRBCX,LargeGro
TRIGX,International
TRMCX,MidVal
TROSX,International
TRPBX,Hybrid
TRRAX,Hybrid
TRRBX,Hybrid
TRRCX,Hybrid
TRRDX,Hybrid
TRRGX,Hybrid
TRRIX,Hybrid
TRRJX,Hybrid
TRRKX,Hybrid
TRRMX,Hybrid
TRRNX,Hybrid
TRSGX,Hybrid
TRVLX,LargeVal
TSNAX,LargeGro
TVFVX,International
TWCGX,LargeGro
TWCIX,LargeGro
TWCUX,LargeGro
TWEIX,LargeVal
TWHIX,MidGro
TWQAX,LargeVal
TWSMX,Hybrid
UMBWX,International
UNASX,International
UNCMX,LargeGro
UNECX,MidGro
USAAX,LargeGro
USCRX,Hybrid
USIFX,International
USISX,LargeVal
USSPX,LargeBlnd
VADAX,LargeBlnd
VAFAX,LargeGro
VAPAX,LargeBlnd
VASGX,Hybrid
VASIX,Hybrid
VASVX,MidVal
VBINX,Hybrid
VCVSX,Hybrid
VDAIX,LargeBlnd
VDIGX,LargeBlnd
VEIPX,LargeVal
VETAX,MidVal
VEURX,International
VEXMX,MidBlnd
VEXPX,SmallGro
VFFVX,Hybrid
VFIFX,Hybrid
VFINX,LargeBlnd
VFORX,Hybrid
VFTSX,LargeBlnd
VGRAX,MidGro
VGSTX,Hybrid
VGTSX,International
VHCOX,LargeGro
VHDYX,LargeVal
VHGEX,International
VHIAX,LargeGro
VIGRX,LargeGro
VIMSX,MidBlnd
VINEX,International
VISGX,SmallGro
VISVX,SmallVal
VIVAX,LargeVal
VLACX,LargeBlnd
VMGIX,MidGro
VMGRX,MidGro
VMRGX,LargeGro
VMVIX,MidVal
VPACX,International
VPCCX,LargeGro
VPMCX,LargeGro
VQNPX,LargeBlnd
VSCAX,SmallVal
VSCGX,Hybrid
VSEAX,SmallBlnd
VSEQX,MidBlnd
VSMGX,Hybrid
VTHRX,Hybrid
VTINX,Hybrid
VTIVX,Hybrid
VTMFX,Hybrid
VTMSX,SmallBlnd
VTRIX,International
VTSMX,LargeBlnd
VTTHX,Hybrid
VTTVX,Hybrid
VTWNX,Hybrid
VTWSX,International
VTXVX,Hybrid
VWELX,Hybrid
VWIGX,International
VWINX,Hybrid
VWNDX,LargeVal
VWNFX,LargeVal
VWUSX,LargeGro
WAAEX,SmallGro
WARAX,International
WASAX,International
WBIGX,International
WMGAX,MidGro
YACKX,LargeBlnd
YAFFX,LargeBlnd
